customer_id,first_name,last_name,email,gender,age,career,customer_phone,address_country,address_zipcode,address_city,address_street,referred_by
CUST000011,Remus,Stratton,rstrattona@friendfeed.com,female,40,Accountant,+44 8053307116,United Kingdom,B95 5BO,Bristol,Church Road,CUST000001
CUST000024,Roseanne,Folbig,rfolbign@gravatar.com,male,42,Software Engineer,+44 6550102017,United Kingdom,G91 3BZ,Glasgow,High Street,CUST000013
CUST000026,Kaleb,Junifer,kjuniferp@shop-pro.jp,female,43,Graphic Designer,+44 6370929009,United Kingdom,L21 6RB,Leicester,Main Street,
CUST000031,Pat,Tatum,ptatumu@dot.gov,female,18,Junior Developer,+44 1270768430,United Kingdom,M19 4KN,Manchester,Windsor Road,
CUST000040,Henriette,Spencers,hspencers13@canalblog.com,female,22,Assistant,+44 4062867493,United Kingdom,N34 9PR,Newcastle,The Avenue,CUST000022
CUST000045,Moss,Crathern,mcrathern18@businessinsider.com,male,18,Student,+44 1838955947,United Kingdom,B14 4ZS,Bristol,Windsor Road,CUST000031
CUST000055,Piper,Ebenezer,pebenezer1i@cdbaby.com,male,41,Senior Teacher,+44 6351625080,United Kingdom,C74 1MF,Cardiff,Park Avenue,
CUST000056,Lark,Albon,lalbon1j@skype.com,male,34,Sales Director,+44 7337147884,United Kingdom,N23 2AI,Nottingham,London Road,
CUST000060,Sanders,Pharo,spharo1n@mashable.com,female,38,Senior Data Analyst,+44 8026660242,United Kingdom,D62 9YX,Derby,Kings Road,CUST000029
CUST000061,Toby,Elcom,telcom1o@arizona.edu,male,13,Part-time Job,+44 4171296078,United Kingdom,L28 3IJ,Liverpool,Kingsway,CUST000023
CUST000064,Tabbatha,Ambrosi,tambrosi1r@elpais.com,female,36,Graphic Designer,+44 9226941114,United Kingdom,O43 7CC,Oxford,Park Avenue,
CUST000067,Fabian,Fookes,ffookes1u@jigsy.com,female,30,Accountant,+44 5103772423,United Kingdom,L80 5QI,Leeds,High Street,
CUST000068,Normie,Iwanicki,niwanicki1v@nature.com,female,36,Senior Nurse,+44 1758473254,United Kingdom,L11 4UQ,Leicester,Windsor Road,
CUST000071,Bone,Jeannequin,bjeannequin1y@irs.gov,male,27,Nurse,+44 1603608503,United Kingdom,N66 4VG,Newcastle,Green Lane,CUST000063
CUST000073,Ramona,Farlham,rfarlham20@bbb.org,male,54,Doctor,+44 3001473121,United Kingdom,L84 3IN,Leeds,Main Street,CUST000069
CUST000077,Hobie,Hallet,hhallet24@free.fr,female,12,Intern,+44 3609222174,United Kingdom,E30 6JW,Edinburgh,Windsor Road,CUST000011
CUST000079,Panchito,Kidby,pkidby26@gov.uk,female,15,Intern,+44 3795659709,United Kingdom,L46 8CZ,Leeds,Kingsway,CUST000076
CUST000087,Bartram,Shand,bshand2e@a8.net,male,45,Consultant,+44 4336903341,United Kingdom,L6 5RB,London,Windsor Road,CUST000062
CUST000089,Shaun,Gully,sgully2g@de.vu,male,40,HR Manager,+44 6869627003,United Kingdom,N96 7XW,Newcastle,Queens Road,CUST000086
CUST000097,Averil,Deyes,adeyes2o@smugmug.com,female,46,Senior Teacher,+44 2256029874,United Kingdom,S32 8FN,Sheffield,Manor Road,
CUST000102,Granny,Costall,gcostall2t@engadget.com,male,31,Senior Nurse,+44 5701071666,United Kingdom,L35 9BL,Liverpool,High Street,
CUST000108,Sidonnie,Bremmell,sbremmell2z@ycombinator.com,male,21,Assistant,+44 4773997485,United Kingdom,S73 1TS,Sheffield,Park Avenue,
CUST000111,Radcliffe,Worcester,rworcester32@hibu.com,male,41,Senior Data Analyst,+44 9185981360,United Kingdom,G56 3BF,Glasgow,Victoria Road,
CUST000121,Alvie,Gulleford,agulleford3c@oracle.com,female,53,Doctor,+44 3877551065,United Kingdom,L98 6PJ,London,Main Street,
CUST000137,Nelson,Sheahan,nsheahan3s@goodreads.com,female,40,Sales Director,+44 9101623754,United Kingdom,O67 6BZ,Oxford,Green Lane,
CUST000138,Abigale,Date,adate3t@hatena.ne.jp,female,16,Intern,+44 4568739996,United Kingdom,N9 8GQ,Newcastle,Queens Road,
CUST000140,Ebony,Leddie,eleddie3v@disqus.com,male,12,Intern,+44 8174750272,United Kingdom,B82 4HP,Birmingham,Park Avenue,CUST000131
CUST000159,Cecil,Palek,cpalek4e@columbia.edu,male,33,Product Manager,+44 6358302459,United Kingdom,E31 1UT,Exeter,Manor Road,
CUST000169,Zebulon,Searight,zsearight4o@friendfeed.com,male,43,Graphic Designer,+44 6676467005,United Kingdom,E21 1EJ,Exeter,Park Avenue,CUST000168
CUST000175,Darcy,Sustins,dsustins4u@reverbnation.com,male,46,Product Manager,+44 9608863120,United Kingdom,B44 6DZ,Birmingham,Manor Road,
CUST000185,Amanda,Langston,alangston54@ameblo.jp,male,40,Product Manager,+44 1569812475,United Kingdom,L69 7RR,Liverpool,The Crescent,CUST000129
CUST000199,Andros,Monckman,amonckman5i@privacy.gov.au,female,47,HR Manager,+44 4273002331,United Kingdom,L90 3KF,Leeds,Green Lane,
CUST000200,Claresta,Cleever,ccleever5j@feedburner.com,male,20,Assistant,+44 8295817279,United Kingdom,C72 6WR,Cardiff,Church Street,CUST000039
CUST000209,Humbert,Housin,hhousin5s@topsy.com,female,42,Senior Nurse,+44 9975573012,United Kingdom,L37 1PV,Leicester,Park Avenue,CUST000133
CUST000210,Margarete,Ralton,mralton5t@weather.com,female,33,Sales Director,+44 4810915243,United Kingdom,O56 8BB,Oxford,New Road,CUST000158
CUST000211,Solomon,Fitt,sfitt5u@blogspot.com,male,31,HR Manager,+44 5928386402,United Kingdom,B10 3BF,Birmingham,Park Avenue,CUST000090
CUST000214,Erinna,Twigley,etwigley5x@indiegogo.com,male,36,Senior Data Analyst,+44 4037951391,United Kingdom,L25 3WA,Leeds,Grange Road,
CUST000216,Angil,Cutmare,acutmare5z@yolasite.com,male,49,Senior Nurse,+44 4230964884,United Kingdom,E45 7AP,Edinburgh,Manor Road,
CUST000219,Willi,Snoxell,wsnoxell62@macromedia.com,female,36,HR Manager,+44 4085702643,United Kingdom,L25 4QB,Leeds,Kings Road,CUST000086
CUST000222,Rees,Dellenbrook,rdellenbrook65@seattletimes.com,female,42,Consultant,+44 1578586268,United Kingdom,N76 8UT,Nottingham,Main Street,CUST000192
CUST000236,Felice,Dysert,fdysert6j@springer.com,male,32,Sales Director,+44 5443266026,United Kingdom,G72 8MN,Glasgow,Manor Road,CUST000060
CUST000238,Giralda,O'Hara,gohara6l@illinois.edu,female,34,Senior Data Analyst,+44 7520424676,United Kingdom,B42 4IU,Brighton,Main Street,CUST000022
CUST000245,Auberta,Wass,awass6s@godaddy.com,female,29,Accountant,+44 1011985032,United Kingdom,E3 1SJ,Edinburgh,Kings Road,CUST000152
CUST000248,Tabbie,Goligher,tgoligher6v@si.edu,male,33,Graphic Designer,+44 4599125860,United Kingdom,B17 6PR,Belfast,Park Road,
CUST000255,Kelley,Kilday,kkilday72@bloglovin.com,male,30,Sales Manager,+44 6563188159,United Kingdom,G95 9YN,Glasgow,Windsor Road,CUST000217
CUST000257,Marshall,Cleef,mcleef74@netlog.com,male,40,Doctor,+44 3462557463,United Kingdom,B57 4QH,Brighton,High Street,
CUST000260,Sigismundo,Stoakley,sstoakley77@cocolog-nifty.com,female,45,Consultant,+44 1751771767,United Kingdom,D95 3IO,Derby,London Road,
CUST000261,Renault,Ortes,rortes78@who.int,female,21,Intern,+44 9493802954,United Kingdom,B52 4LN,Belfast,Victoria Road,CUST000192
CUST000262,Kriste,Palluschek,kpalluschek79@de.vu,male,55,Doctor,+44 8867609436,United Kingdom,C86 5EW,Cambridge,Church Road,
CUST000266,Lief,Blackburne,lblackburne7d@cornell.edu,male,46,Accountant,+44 6549284040,United Kingdom,C83 5TQ,Cambridge,Church Lane,CUST000204
CUST000276,Rowe,Petrushkevich,rpetrushkevich7n@buzzfeed.com,male,37,Consultant,+44 6822854571,United Kingdom,D95 1LA,Derby,High Street,CUST000246
CUST000278,Cosme,Bellanger,cbellanger7p@list-manage.com,male,29,Teacher,+44 8492583152,United Kingdom,O80 3VN,Oxford,Victoria Road,
CUST000281,Felipe,Sommerlie,fsommerlie7s@quantcast.com,female,55,Senior Nurse,+44 9297902671,United Kingdom,E5 7SB,Exeter,New Road,CUST000147
CUST000282,Isidore,Vane,ivane7t@hao123.com,male,32,Software Engineer,+44 2696597718,United Kingdom,L36 3ET,Liverpool,Victoria Road,CUST000004
CUST000290,Alvin,Silcox,asilcox81@sun.com,male,39,Senior Data Analyst,+44 6440027957,United Kingdom,O50 6YB,Oxford,Church Lane,CUST000174
CUST000293,Emyle,Snel,esnel84@mysql.com,male,37,Consultant,+44 8407460856,United Kingdom,S87 9EG,Southampton,Manor Road,
CUST000295,Sergio,Kinghorn,skinghorn86@gizmodo.com,male,38,Senior Data Analyst,+44 1713435288,United Kingdom,C57 4PW,Cambridge,Park Road,
CUST000297,Stacee,Lulham,slulham88@behance.net,male,33,Accountant,+44 8455724579,United Kingdom,G62 3LZ,Glasgow,Green Lane,
CUST000299,Teirtza,Dewerson,tdewerson8a@mashable.com,male,35,HR Manager,+44 1408255112,United Kingdom,G46 5NT,Glasgow,Main Street,CUST000217
CUST000300,Lazaro,De Clairmont,ldeclairmont8b@samsung.com,male,23,Accountant,+44 7740249639,United Kingdom,C67 9SD,Cardiff,Kings Road,CUST000161
CUST000308,Isiahi,Barmby,ibarmby8j@mtv.com,female,45,Graphic Designer,+44 5135634333,United Kingdom,S4 9NZ,Sheffield,Victoria Road,
CUST000310,Shawn,Cordeix,scordeix8l@hhs.gov,male,40,Doctor,+44 1118605408,United Kingdom,L51 7GK,Liverpool,The Avenue,
CUST000311,Dianna,Mussett,dmussett8m@blogger.com,male,49,Product Manager,+44 7581274544,United Kingdom,O35 9EC,Oxford,Kingsway,CUST000192
CUST000313,Dillie,Jowsey,djowsey8o@artisteer.com,male,50,Software Engineer,+44 5951937147,United Kingdom,N97 3LO,Nottingham,Green Lane,
CUST000315,Adamo,Legg,alegg8q@sakura.ne.jp,male,41,Accountant,+44 4370363406,United Kingdom,C55 4TR,Cardiff,New Road,
CUST000319,Conrado,Danelutti,cdanelutti8u@devhub.com,male,35,Graphic Designer,+44 5870312893,United Kingdom,B86 9IW,Brighton,The Avenue,
CUST000320,Doro,Borghese,dborghese8v@squidoo.com,female,46,Software Engineer,+44 8413757228,United Kingdom,B65 1VG,Bristol,Manor Road,CUST000128
CUST000322,Aland,Ralls,aralls8x@foxnews.com,female,38,Product Manager,+44 3325226596,United Kingdom,L94 6MO,Leeds,Kingsway,CUST000179
CUST000328,Deonne,Reymers,dreymers93@miibeian.gov.cn,female,33,Sales Director,+44 5133815392,United Kingdom,N97 8GU,Newcastle,Kingsway,CUST000142
CUST000329,Katusha,Epsley,kepsley94@who.int,female,22,Student,+44 7396370614,United Kingdom,C91 6TE,Cambridge,Grange Road,
CUST000333,Legra,Lodeke,llodeke98@dailymotion.com,female,33,Senior Teacher,+44 7925352632,United Kingdom,S97 3WS,Sheffield,Park Road,
CUST000347,Reagen,Burnes,rburnes9m@craigslist.org,female,43,Product Manager,+44 4121295767,United Kingdom,S31 6LL,Southampton,Main Street,
CUST000352,Amalle,Findon,afindon9r@msu.edu,male,25,Sales Manager,+44 3159077278,United Kingdom,B58 2HL,Birmingham,Queens Road,CUST000101
CUST000356,Dicky,Kermon,dkermon9v@tmall.com,female,39,Marketing Manager,+44 2820446608,United Kingdom,G5 7AN,Glasgow,Station Road,CUST000223
CUST000362,Lula,Eastby,leastbya1@tuttocitta.it,male,35,Senior Nurse,+44 1548078389,United Kingdom,S63 7NN,Sheffield,Green Lane,CUST000099
CUST000364,Esra,Clowsley,eclowsleya3@cam.ac.uk,male,42,Senior Data Analyst,+44 6470207790,United Kingdom,L75 3MA,Leeds,Park Avenue,CUST000183
CUST000366,Dolph,Haggerty,dhaggertya5@desdev.cn,male,33,Senior Data Analyst,+44 8364299841,United Kingdom,S40 2HQ,Sheffield,Main Street,CUST000339
CUST000371,Anetta,Arpino,aarpinoaa@studiopress.com,male,39,Senior Data Analyst,+44 9642081298,United Kingdom,L23 5MS,Leicester,Main Street,CUST000113
CUST000372,Galvin,Bagge,gbaggeab@time.com,male,35,Product Manager,+44 8699231558,United Kingdom,N15 2HR,Nottingham,Victoria Road,CUST000298
CUST000378,Courtnay,Burde,cburdeah@sogou.com,male,40,Doctor,+44 6113420787,United Kingdom,D43 5QG,Derby,The Avenue,
CUST000383,Stesha,Cuming,scumingam@w3.org,female,37,Doctor,+44 8972368407,United Kingdom,L27 8SU,Leeds,The Avenue,CUST000143
CUST000409,Dmitri,Darque,ddarquebc@tinypic.com,male,30,Teacher,+44 6025753000,United Kingdom,E38 2QX,Edinburgh,New Road,
CUST000412,Jordan,Snalom,jsnalombf@tinypic.com,male,27,Nurse,+44 7941941675,United Kingdom,S13 1ZF,Sheffield,Church Road,CUST000053
CUST000426,Iseabal,Sanger,isangerbt@ucla.edu,female,49,Senior Teacher,+44 1662762072,United Kingdom,N29 1VM,Nottingham,London Road,
CUST000430,Gay,Pentycross,gpentycrossbx@yale.edu,female,18,Student,+44 9046813237,United Kingdom,D93 8NW,Derby,Queens Road,
CUST000433,Nona,Barajas,nbarajasc0@sbwire.com,male,35,HR Manager,+44 6320325483,United Kingdom,O73 1EN,Oxford,Park Avenue,CUST000393
CUST000437,Jerad,Spradbery,jspradberyc4@springer.com,female,31,Senior Nurse,+44 3962131172,United Kingdom,D77 2VP,Derby,Victoria Road,
CUST000440,Paige,Vicary,pvicaryc7@wp.com,male,31,Marketing Manager,+44 6345114924,United Kingdom,L44 4EI,Liverpool,High Street,
CUST000446,Tyson,Bowlesworth,tbowlesworthcd@uol.com.br,female,47,HR Manager,+44 1316932522,United Kingdom,E32 3GH,Edinburgh,The Avenue,CUST000185
CUST000452,Joane,Lesurf,jlesurfcj@tmall.com,female,25,Nurse,+44 3818496129,United Kingdom,E29 7FP,Exeter,Manor Road,
CUST000463,Gannon,O'Crigan,gocrigancu@scientificamerican.com,female,49,Accountant,+44 5497499010,United Kingdom,L1 2CF,London,The Avenue,
CUST000480,Kellen,Goldis,kgoldisdb@goo.gl,male,33,Senior Teacher,+44 7487524767,United Kingdom,D30 8CG,Derby,Station Road,
CUST000487,Nora,Francis,nfrancisdi@vistaprint.com,female,42,Sales Director,+44 4584785540,United Kingdom,D67 1WB,Derby,Grange Road,CUST000224
CUST000494,Richart,Boulstridge,rboulstridgedp@altervista.org,male,29,Nurse,+44 8126652870,United Kingdom,L51 6WG,Liverpool,High Street,
CUST000495,Twyla,Coulman,tcoulmandq@geocities.jp,female,31,Senior Data Analyst,+44 4239296379,United Kingdom,B41 6WW,Birmingham,The Avenue,CUST000342
CUST000500,Tod,Burcombe,tburcombedv@ameblo.jp,female,36,Sales Director,+44 1387147451,United Kingdom,B77 1GF,Brighton,Victoria Road,CUST000408
CUST000514,Gerianne,Jewer,gjewere9@webmd.com,female,26,Nurse,+44 7455737055,United Kingdom,O24 8TN,Oxford,The Crescent,CUST000439
CUST000522,Georgie,Blackden,gblackdeneh@newsvine.com,male,32,Sales Director,+44 7567023532,United Kingdom,M57 5BU,Manchester,Windsor Road,CUST000220
CUST000523,Mathilda,Cicchetto,mcicchettoei@newsvine.com,female,43,Marketing Manager,+44 3853803539,United Kingdom,M55 6UX,Manchester,The Avenue,
CUST000527,Frederick,Clawsley,fclawsleyem@symantec.com,female,40,Accountant,+44 5798539704,United Kingdom,M22 8LZ,Manchester,Green Lane,
CUST000528,Terrill,Budnik,tbudniken@aol.com,female,49,Senior Data Analyst,+44 5168955882,United Kingdom,E56 9NW,Edinburgh,Church Road,
CUST000529,Agosto,Tacon,ataconeo@state.tx.us,female,40,Senior Nurse,+44 5647166956,United Kingdom,L81 3SJ,London,High Street,CUST000106
CUST000530,Burton,Hegerty,bhegertyep@indiegogo.com,male,38,Marketing Manager,+44 8731466026,United Kingdom,S27 2XM,Southampton,Kings Road,CUST000341
CUST000535,Poul,Quaintance,pquaintanceeu@tmall.com,male,21,Intern,+44 2872323866,United Kingdom,B51 6TA,Belfast,High Street,
CUST000543,Gibb,Rosbottom,grosbottomf2@opensource.org,female,38,Sales Director,+44 2840814618,United Kingdom,L72 7HD,Leicester,Queens Road,CUST000017
CUST000544,Eamon,Dainter,edainterf3@uol.com.br,male,23,Sales Manager,+44 2701326184,United Kingdom,L86 3BS,Liverpool,Green Lane,
CUST000549,Crista,Swindin,cswindinf8@topsy.com,male,49,Graphic Designer,+44 6668940715,United Kingdom,B95 7YL,Birmingham,New Road,CUST000408
CUST000550,Vinita,Dobie,vdobief9@economist.com,male,57,Senior Nurse,+44 9084065353,United Kingdom,N15 7MK,Newcastle,Church Lane,CUST000473
CUST000555,Hamnet,Cradock,hcradockfe@comsenz.com,female,43,Product Manager,+44 8086474561,United Kingdom,N30 2CB,Nottingham,London Road,
CUST000560,Misty,Coulton,mcoultonfj@booking.com,male,53,Software Engineer,+44 8714001020,United Kingdom,B1 7HW,Brighton,Kings Road,CUST000076
CUST000571,Rheta,Serchwell,rserchwellfu@opera.com,female,34,Marketing Manager,+44 3979527587,United Kingdom,L7 4BK,London,Victoria Road,CUST000033
CUST000579,Gert,O'Feeny,gofeenyg2@bizjournals.com,male,19,Student,+44 8607447193,United Kingdom,N75 1WC,Nottingham,Park Avenue,
CUST000584,Thorny,Stourton,tstourtong7@ebay.com,female,42,Senior Data Analyst,+44 6809466788,United Kingdom,E52 9EY,Exeter,Station Road,CUST000435
CUST000585,Emery,Hambling,ehamblingg8@cargocollective.com,male,47,Senior Nurse,+44 8207639949,United Kingdom,N42 4NH,Newcastle,Church Street,
CUST000590,Oran,Threlkeld,othrelkeldgd@google.co.jp,male,23,Teacher,+44 4690173612,United Kingdom,N47 5CW,Nottingham,Church Road,
CUST000591,Joachim,Musker,jmuskerge@salon.com,female,42,Product Manager,+44 7281190876,United Kingdom,S5 7PM,Southampton,Kingsway,
CUST000596,Glynn,Meneyer,gmeneyergj@prweb.com,female,36,Graphic Designer,+44 9500203409,United Kingdom,O73 9SZ,Oxford,Green Lane,
CUST000600,Friedrick,Gosland,fgoslandgn@seattletimes.com,male,44,Senior Nurse,+44 4474258211,United Kingdom,L77 4EJ,Leeds,Windsor Road,
CUST000602,Van,Buckenhill,vbuckenhillgp@tinypic.com,female,32,Graphic Designer,+44 9423042615,United Kingdom,C38 3IV,Cardiff,Kingsway,
CUST000605,Parsifal,Mumm,pmummgs@google.co.jp,female,30,Teacher,+44 2172355676,United Kingdom,O78 8IP,Oxford,New Road,CUST000373
CUST000614,Abbie,Simkins,asimkinsh1@flavors.me,male,55,Graphic Designer,+44 1702033084,United Kingdom,B23 7NJ,Brighton,Kingsway,CUST000235
CUST000618,Shell,Weighell,sweighellh5@symantec.com,male,44,Accountant,+44 5828331589,United Kingdom,S77 5KF,Sheffield,Park Avenue,CUST000027
CUST000622,Red,Wakelam,rwakelamh9@wsj.com,male,38,Senior Data Analyst,+44 6356184531,United Kingdom,E84 4DB,Edinburgh,Church Lane,CUST000054
CUST000627,Kyle,Alessandrelli,kalessandrellihe@amazonaws.com,female,27,Sales Manager,+44 3162447890,United Kingdom,B33 2OJ,Birmingham,Church Road,CUST000416
CUST000636,Joya,Stoeckle,jstoecklehn@europa.eu,male,47,Consultant,+44 7336091854,United Kingdom,E76 9RQ,Edinburgh,Green Lane,CUST000103
CUST000637,Gilbert,McCuis,gmccuisho@bing.com,female,39,Marketing Manager,+44 6835822789,United Kingdom,N60 7CP,Nottingham,Kings Road,CUST000144
CUST000644,Alexei,Venediktov,avenediktovhv@bluehost.com,female,56,Consultant,+44 6966174457,United Kingdom,C58 8TS,Cardiff,Victoria Road,CUST000268
CUST000645,Tadeas,Eate,teatehw@biblegateway.com,female,17,Part-time Job,+44 1977243707,United Kingdom,L19 6ZA,London,Grange Road,
CUST000650,Brewer,Spurdon,bspurdoni1@ehow.com,male,35,Marketing Manager,+44 4417479464,United Kingdom,E3 3UM,Exeter,Victoria Road,
CUST000651,Timothee,Triebner,ttriebneri2@mediafire.com,male,38,Consultant,+44 6131203597,United Kingdom,N2 6VW,Newcastle,Windsor Road,
CUST000653,Marlee,McCorrie,mmccorriei4@google.com.au,male,33,Sales Director,+44 7445966150,United Kingdom,C65 2GR,Cambridge,Queens Road,
CUST000657,Lissie,Kerford,lkerfordi8@tiny.cc,female,24,Sales Manager,+44 2338044388,United Kingdom,L49 6LB,Liverpool,Queens Road,CUST000151
CUST000661,Dione,Domange,ddomangeic@instagram.com,male,29,Software Engineer,+44 1143403068,United Kingdom,N91 2NT,Newcastle,The Crescent,CUST000403
CUST000663,Allyson,Couvert,acouvertie@yolasite.com,female,32,Sales Director,+44 7724996171,United Kingdom,O71 1RW,Oxford,Park Road,CUST000497
CUST000669,Harcourt,Tramel,htramelik@cyberchimps.com,female,34,HR Manager,+44 9924473561,United Kingdom,B70 2OS,Belfast,Station Road,CUST000626
CUST000671,Kacie,Sone,ksoneim@usa.gov,female,30,Accountant,+44 7977385352,United Kingdom,S97 5NU,Sheffield,Church Road,
CUST000678,Karrah,Trayhorn,ktrayhornit@nymag.com,male,36,Sales Director,+44 9721022373,United Kingdom,B10 5BR,Brighton,Main Street,CUST000596
CUST000679,Angelico,Jeanneau,ajeanneauiu@un.org,female,28,Accountant,+44 8143581992,United Kingdom,B25 2OZ,Brighton,High Street,
CUST000680,Trisha,Bachura,tbachuraiv@ucoz.com,male,33,Graphic Designer,+44 1295263051,United Kingdom,S13 3QX,Southampton,Kings Road,
CUST000688,Hillary,Starbucke,hstarbuckej3@go.com,male,33,Senior Teacher,+44 3673613628,United Kingdom,L6 5VS,Leeds,The Avenue,CUST000254
CUST000690,Bunny,Jelfs,bjelfsj5@virginia.edu,male,42,Sales Director,+44 6428979871,United Kingdom,S89 2TR,Sheffield,The Crescent,CUST000676
CUST000693,Yalonda,Harget,yhargetj8@canalblog.com,male,25,Nurse,+44 7830645391,United Kingdom,B60 8WI,Birmingham,Queens Road,CUST000037
CUST000698,Kathi,Maha,kmahajd@discovery.com,male,38,HR Manager,+44 9139137055,United Kingdom,D98 6ZM,Derby,Queens Road,
CUST000714,Misty,Lau,mlaujt@pen.io,female,19,Intern,+44 1378642135,United Kingdom,B2 6KV,Birmingham,The Crescent,CUST000272
CUST000715,Rossie,Laverock,rlaverockju@ustream.tv,female,23,Nurse,+44 5625589342,United Kingdom,N32 7FX,Nottingham,Church Street,
CUST000717,Rawley,Pinkney,rpinkneyjw@who.int,male,51,Product Manager,+44 8337427627,United Kingdom,C18 4QW,Cambridge,Church Lane,
CUST000722,Iain,Fahrenbacher,ifahrenbacherk1@bloglines.com,male,26,Sales Manager,+44 1668797076,United Kingdom,L97 9WY,Leicester,The Avenue,CUST000608
CUST000738,Kaine,Borer,kborerkh@w3.org,male,14,Student,+44 1686260905,United Kingdom,N56 9RM,Newcastle,Manor Road,
CUST000741,Ginevra,Strother,gstrotherkk@mediafire.com,male,18,Junior Developer,+44 2592036198,United Kingdom,B36 8QB,Belfast,Manor Road,
CUST000742,Ardisj,Hasney,ahasneykl@mayoclinic.com,male,31,Sales Director,+44 6458355390,United Kingdom,L22 7JX,London,Main Street,
CUST000750,Errick,Aslott,easlottkt@sohu.com,male,12,Part-time Job,+44 4408592633,United Kingdom,N88 2WT,Newcastle,New Road,
CUST000754,Dexter,Mander,dmanderkx@npr.org,male,34,Software Engineer,+44 2040752173,United Kingdom,B46 2BR,Bristol,Main Street,CUST000020
CUST000762,Andrej,Meers,ameersl5@amazon.com,female,52,Senior Teacher,+44 2789890891,United Kingdom,B60 5HN,Belfast,Main Street,
CUST000765,Lianna,Inchcomb,linchcombl8@tiny.cc,female,23,Teacher,+44 4844428021,United Kingdom,N28 9AA,Newcastle,Church Lane,CUST000150
CUST000768,Jerry,Airton,jairtonlb@washington.edu,male,20,Assistant,+44 8114780524,United Kingdom,S14 9FJ,Sheffield,High Street,CUST000602
CUST000788,Darbie,Rushworth,drushworthlv@noaa.gov,male,30,Nurse,+44 6071672099,United Kingdom,G50 7UO,Glasgow,High Street,
CUST000801,Caryl,Killoran,ckilloranm8@51.la,male,47,Senior Nurse,+44 1021231309,United Kingdom,B54 4OQ,Birmingham,Church Street,
CUST000803,Lemmie,Scopes,lscopesma@webmd.com,male,48,Doctor,+44 2245602133,United Kingdom,L44 9RY,Liverpool,Queens Road,
CUST000811,Angelico,Arlidge,aarlidgemi@ucsd.edu,male,34,Sales Director,+44 1192391137,United Kingdom,B89 8XL,Belfast,Kings Road,CUST000160
CUST000812,Cassi,Simnel,csimnelmj@ucsd.edu,female,26,Software Engineer,+44 3157636938,United Kingdom,B68 2WW,Birmingham,Park Avenue,CUST000610
CUST000817,Mozes,Aguirrezabala,maguirrezabalamo@howstuffworks.com,female,18,Assistant,+44 8387529821,United Kingdom,S70 3DO,Southampton,New Road,
CUST000821,Adeline,Crannage,acrannagems@cdbaby.com,female,46,Senior Nurse,+44 2938350932,United Kingdom,L29 1HH,Leeds,Park Road,CUST000816
CUST000823,Opal,Charters,ochartersmu@github.io,female,45,Senior Nurse,+44 1585340697,United Kingdom,B20 5VV,Bristol,The Crescent,CUST000675
CUST000824,Dyann,Pomfret,dpomfretmv@engadget.com,male,23,Teacher,+44 6152916757,United Kingdom,C19 9AA,Cardiff,Church Road,
CUST000827,Almeda,D'Orsay,adorsaymy@nature.com,female,55,Marketing Manager,+44 5240401741,United Kingdom,G67 4AU,Glasgow,New Road,
CUST000830,Idell,Maldin,imaldinn1@shareasale.com,female,41,Product Manager,+44 5328019376,United Kingdom,B92 7ZE,Brighton,New Road,CUST000469
CUST000838,Kelsey,Simo,ksimon9@berkeley.edu,female,21,Intern,+44 2876850970,United Kingdom,N38 4BW,Newcastle,Station Road,CUST000195
CUST000846,Amble,Gobeau,agobeaunh@businessinsider.com,female,55,Senior Teacher,+44 2580034865,United Kingdom,N89 8XP,Nottingham,Church Lane,CUST000076
CUST000850,Guthrey,Normaville,gnormavillenl@alexa.com,male,12,Student,+44 1064123391,United Kingdom,L35 1ZK,Liverpool,Church Street,
CUST000860,Korie,Delcastel,kdelcastelnv@alibaba.com,female,29,Accountant,+44 4331613104,United Kingdom,N7 4XR,Newcastle,Station Road,CUST000123
CUST000866,Nat,Vargas,nvargaso1@latimes.com,male,36,Senior Nurse,+44 2386653822,United Kingdom,O21 8IT,Oxford,The Crescent,
CUST000867,Susannah,Wignall,swignallo2@e-recht24.de,male,53,Senior Data Analyst,+44 5992847826,United Kingdom,C66 3IT,Cambridge,Kings Road,CUST000607
CUST000868,Lise,Trillow,ltrillowo3@clickbank.net,male,48,Senior Nurse,+44 5742345915,United Kingdom,O53 9RE,Oxford,Green Lane,
CUST000880,Elias,Toogood,etoogoodof@networksolutions.com,male,21,Student,+44 7485472825,United Kingdom,L10 2YW,London,Church Road,CUST000470
CUST000884,Pat,Gerritsma,pgerritsmaoj@cdc.gov,female,25,Accountant,+44 2824066983,United Kingdom,B62 5FF,Birmingham,High Street,
CUST000885,Mordecai,Meeron,mmeeronok@about.me,male,19,Intern,+44 9691870695,United Kingdom,D94 2ZD,Derby,Kingsway,
CUST000893,Eleanore,Shoebottom,eshoebottomos@hubpages.com,male,40,Software Engineer,+44 6331751192,United Kingdom,D11 1MD,Derby,London Road,CUST000560
CUST000894,Sampson,De La Cote,sdelacoteot@wsj.com,female,23,Teacher,+44 8264501978,United Kingdom,S20 8RP,Southampton,The Crescent,CUST000336
CUST000900,Martica,Hendren,mhendrenoz@home.pl,male,51,Accountant,+44 9336271770,United Kingdom,M91 3YC,Manchester,Kingsway,
CUST000902,Arlene,Eye,aeyep1@php.net,male,32,Senior Data Analyst,+44 5612728469,United Kingdom,E40 9NC,Exeter,The Crescent,
CUST000903,Vittorio,Bilton,vbiltonp2@feedburner.com,female,43,HR Manager,+44 4923387289,United Kingdom,S30 9VF,Sheffield,Kingsway,CUST000037
CUST000915,Alexandros,Paule,apaulepe@reference.com,female,27,Teacher,+44 2428882746,United Kingdom,N15 9NX,Nottingham,Main Street,CUST000497
CUST000918,Jacqui,Folley,jfolleyph@opensource.org,female,30,Accountant,+44 2214520553,United Kingdom,B24 1DL,Bristol,Station Road,CUST000269
CUST000925,Alis,Baudacci,abaudaccipo@tinypic.com,male,45,Software Engineer,+44 1920887415,United Kingdom,S61 5MF,Southampton,Grange Road,
CUST000937,Belia,Serrels,bserrelsq0@disqus.com,male,21,Intern,+44 6056002077,United Kingdom,B97 7BG,Brighton,Kingsway,CUST000053
CUST000939,Jeni,Kernoghan,jkernoghanq2@hugedomains.com,female,20,Junior Developer,+44 7237447527,United Kingdom,S20 9CJ,Sheffield,Queens Road,CUST000464
CUST000942,Dorey,Zellmer,dzellmerq5@eventbrite.com,male,41,Senior Nurse,+44 3206094686,United Kingdom,L29 2KQ,Liverpool,The Avenue,
CUST000943,Albertina,Harbor,aharborq6@clickbank.net,female,38,Product Manager,+44 6814905532,United Kingdom,L61 1MD,London,High Street,
CUST000948,Levey,Stigell,lstigellqb@ycombinator.com,female,25,Sales Manager,+44 9294716915,United Kingdom,B87 9PU,Belfast,High Street,CUST000009
CUST000949,Marla,Marte,mmarteqc@nifty.com,male,45,Senior Teacher,+44 1849850169,United Kingdom,S14 1QT,Southampton,Kingsway,
CUST000960,Kittie,MacGee,kmacgeeqn@indiatimes.com,male,22,Student,+44 4244635442,United Kingdom,C50 7IH,Cambridge,Victoria Road,CUST000047
CUST000974,Allegra,Obbard,aobbardr1@ft.com,female,40,Sales Director,+44 9508313897,United Kingdom,L46 4EX,Liverpool,Main Street,CUST000124
CUST000975,Dore,Sacaze,dsacazer2@unesco.org,male,24,Sales Manager,+44 1427201415,United Kingdom,B62 4WY,Bristol,Main Street,
CUST000978,Kellina,Dyde,kdyder5@salon.com,female,47,Senior Teacher,+44 1429671581,United Kingdom,B19 4AW,Bristol,Manor Road,CUST000842
CUST000979,Devi,Ditts,ddittsr6@opensource.org,male,35,Senior Teacher,+44 1569228049,United Kingdom,B27 2ZN,Birmingham,Queens Road,
CUST000986,Tito,Ramsey,tramseyrd@patch.com,female,61,Product Manager,+44 6957875594,United Kingdom,B66 6AT,Belfast,Park Road,CUST000831
CUST000987,Christian,Hesey,cheseyre@smugmug.com,male,54,Accountant,+44 9822710370,United Kingdom,L8 5OW,London,Park Avenue,CUST000254
CUST000990,Julian,Burke,jburkerh@stanford.edu,female,26,Sales Manager,+44 3360770001,United Kingdom,O7 8GK,Oxford,Main Street,CUST000664
CUST000996,Daile,Noakes,dnoakesrn@issuu.com,male,38,Consultant,+44 6201972235,United Kingdom,N17 7RY,Newcastle,Kings Road,
CUST000999,Sharline,Gravener,sgravenerrq@utexas.edu,female,40,Graphic Designer,+44 4409434552,United Kingdom,B88 4LY,Birmingham,Church Road,CUST000506
